"crrdr_d","nCountries","Countries"
"CORR0001",1,"CRI"
"CORR0002",1,"CRI"
"CORR0003",1,"CRI"
"CORR0004",1,"CRI"
"CORR0005",1,"CRI"
"CORR0006",1,"CRI"
"CORR0007",1,"CRI"
"CORR0008",1,"CRI"
"CORR0009",1,"CRI"
"CORR0010",1,"CRI"
"CORR0011",1,"CRI"
"CORR0012",1,"CRI"
"CORR0013",1,"CRI"
"CORR0014",1,"CRI"
"CORR0015",1,"CRI"
"CORR0016",2,"GTM, MEX"
"CORR0017",2,"GTM, MEX"
"CORR0018",2,"GTM, MEX"
"CORR0019",2,"GTM, MEX"
"CORR0020",2,"GTM, MEX"
"CORR0021",3,"BLZ, GTM, HND"
"CORR0022",2,"BLZ, GTM"
"CORR0023",3,"BLZ, GTM, HND"
"CORR0024",3,"BLZ, GTM, HND"
"CORR0025",2,"BLZ, GTM"
"CORR0026",1,"NIC"
"CORR0027",2,"HND, NIC"
"CORR0028",2,"HND, NIC"
"CORR0029",2,"HND, NIC"
"CORR0030",2,"HND, NIC"
"CORR0031",1,"MEX"
"CORR0032",1,"MEX"
"CORR0033",1,"MEX"
"CORR0034",1,"MEX"
"CORR0035",1,"MEX"
"CORR0036",1,"MEX"
"CORR0037",1,"MEX"
"CORR0038",1,"MEX"
"CORR0039",1,"MEX"
"CORR0040",1,"MEX"
"CORR0041",1,"MEX"
"CORR0042",1,"MEX"
"CORR0043",1,"MEX"
"CORR0044",1,"MEX"
"CORR0045",1,"MEX"
"CORR0046",2,"GTM, MEX"
"CORR0047",2,"GTM, MEX"
"CORR0048",2,"GTM, MEX"
"CORR0049",2,"GTM, MEX"
"CORR0050",2,"GTM, MEX"
"CORR0051",2,"CRI, NIC"
"CORR0052",2,"CRI, NIC"
"CORR0053",2,"CRI, NIC"
"CORR0054",2,"CRI, NIC"
"CORR0055",2,"CRI, NIC"
"CORR0056",4,"BLZ, GTM, HND, MEX"
"CORR0057",4,"BLZ, GTM, HND, MEX"
"CORR0058",4,"BLZ, GTM, HND, MEX"
"CORR0059",2,"GTM, MEX"
"CORR0060",4,"BLZ, GTM, HND, MEX"
"CORR0061",1,"MEX"
"CORR0062",1,"MEX"
"CORR0063",1,"MEX"
"CORR0064",1,"MEX"
"CORR0065",1,"MEX"
"CORR0066",1,"NIC"
"CORR0067",2,"HND, NIC"
"CORR0068",2,"HND, NIC"
"CORR0069",2,"HND, NIC"
"CORR0070",2,"HND, NIC"
"CORR0071",2,"GTM, HND"
"CORR0072",2,"GTM, HND"
"CORR0073",1,"GTM"
"CORR0074",2,"GTM, HND"
"CORR0075",1,"GTM"
"CORR0076",2,"BLZ, GTM"
"CORR0077",2,"BLZ, GTM"
"CORR0078",2,"BLZ, GTM"
"CORR0079",2,"BLZ, GTM"
"CORR0080",2,"BLZ, GTM"
"CORR0081",1,"GTM"
"CORR0082",1,"GTM"
"CORR0083",1,"GTM"
"CORR0084",1,"GTM"
"CORR0085",1,"GTM"
"CORR0086",1,"CRI"
"CORR0087",1,"CRI"
"CORR0088",1,"CRI"
"CORR0089",1,"CRI"
"CORR0090",1,"CRI"
"CORR0091",1,"PAN"
"CORR0092",1,"PAN"
"CORR0093",1,"PAN"
"CORR0094",1,"PAN"
"CORR0095",1,"PAN"
"CORR0096",1,"GTM"
"CORR0097",1,"GTM"
"CORR0098",1,"GTM"
"CORR0099",1,"GTM"
"CORR0100",1,"GTM"
"CORR0101",1,"CRI"
"CORR0102",1,"CRI"
"CORR0103",1,"CRI"
"CORR0104",1,"CRI"
"CORR0105",1,"CRI"
"CORR0106",2,"CRI, PAN"
"CORR0107",1,"CRI"
"CORR0108",1,"CRI"
"CORR0109",1,"CRI"
"CORR0110",2,"CRI, PAN"
"CORR0111",1,"CRI"
"CORR0112",1,"CRI"
"CORR0113",1,"CRI"
"CORR0114",1,"CRI"
"CORR0115",1,"CRI"
"CORR0116",1,"CRI"
"CORR0117",1,"CRI"
"CORR0118",1,"CRI"
"CORR0119",1,"CRI"
"CORR0120",1,"CRI"
"CORR0121",1,"CRI"
"CORR0122",1,"CRI"
"CORR0123",1,"CRI"
"CORR0124",1,"CRI"
"CORR0125",1,"CRI"
"CORR0126",2,"COL, PAN"
"CORR0127",2,"COL, PAN"
"CORR0128",2,"COL, PAN"
"CORR0129",1,"COL"
"CORR0130",1,"COL"
"CORR0131",1,"COL"
"CORR0132",1,"COL"
"CORR0133",1,"COL"
"CORR0134",1,"COL"
"CORR0135",1,"COL"
"CORR0136",1,"CRI"
"CORR0137",1,"CRI"
"CORR0138",1,"CRI"
"CORR0139",1,"CRI"
"CORR0140",1,"CRI"
"CORR0141",1,"PAN"
"CORR0142",1,"PAN"
"CORR0143",1,"PAN"
"CORR0144",1,"PAN"
"CORR0145",1,"PAN"
"CORR0146",1,"CRI"
"CORR0147",1,"CRI"
"CORR0148",1,"CRI"
"CORR0149",1,"CRI"
"CORR0150",1,"CRI"
"CORR0151",1,"COL"
"CORR0152",2,"COL, PAN"
"CORR0153",1,"COL"
"CORR0154",2,"COL, PAN"
"CORR0155",1,"COL"
"CORR0156",1,"COL"
"CORR0157",1,"COL"
"CORR0158",1,"COL"
"CORR0159",1,"COL"
"CORR0160",1,"COL"
"CORR0161",1,"CRI"
"CORR0162",1,"CRI"
"CORR0163",1,"CRI"
"CORR0164",1,"CRI"
"CORR0165",1,"CRI"
"CORR0166",1,"NIC"
"CORR0167",2,"CRI, NIC"
"CORR0168",2,"CRI, NIC"
"CORR0169",1,"NIC"
"CORR0170",2,"HND, NIC"
"CORR0171",2,"GTM, MEX"
"CORR0172",2,"GTM, MEX"
"CORR0173",2,"GTM, MEX"
"CORR0174",2,"GTM, MEX"
"CORR0175",2,"GTM, MEX"
"CORR0176",1,"MEX"
"CORR0177",1,"MEX"
"CORR0178",1,"MEX"
"CORR0179",1,"MEX"
"CORR0180",1,"MEX"
"CORR0181",2,"COL, PAN"
"CORR0182",2,"COL, PAN"
"CORR0183",1,"PAN"
"CORR0184",2,"COL, PAN"
"CORR0185",2,"COL, PAN"
"CORR0186",1,"PAN"
"CORR0187",1,"PAN"
"CORR0188",1,"PAN"
"CORR0189",1,"PAN"
"CORR0190",1,"PAN"
"CORR0191",1,"MEX"
"CORR0192",1,"MEX"
"CORR0193",1,"MEX"
"CORR0194",1,"MEX"
"CORR0195",1,"MEX"
"CORR0196",1,"CRI"
"CORR0197",1,"CRI"
"CORR0198",2,"CRI, PAN"
"CORR0199",1,"CRI"
"CORR0200",1,"CRI"
"CORR0201",1,"CRI"
"CORR0202",1,"CRI"
"CORR0203",1,"CRI"
"CORR0204",1,"CRI"
"CORR0205",1,"CRI"
"CORR0206",1,"PAN"
"CORR0207",1,"PAN"
"CORR0208",1,"PAN"
"CORR0209",1,"PAN"
"CORR0210",1,"PAN"
"CORR0211",1,"PAN"
"CORR0212",1,"PAN"
"CORR0213",1,"PAN"
"CORR0214",1,"PAN"
"CORR0215",1,"PAN"
"CORR0216",1,"PAN"
"CORR0217",1,"PAN"
"CORR0218",1,"PAN"
"CORR0219",1,"PAN"
"CORR0220",1,"PAN"
"CORR0221",1,"PAN"
"CORR0222",1,"PAN"
"CORR0223",1,"PAN"
"CORR0224",1,"PAN"
"CORR0225",1,"PAN"
"CORR0226",2,"GTM, MEX"
"CORR0227",2,"GTM, MEX"
"CORR0228",2,"GTM, MEX"
"CORR0229",2,"GTM, MEX"
"CORR0230",2,"GTM, MEX"
"CORR0231",1,"HND"
"CORR0232",1,"HND"
"CORR0233",1,"HND"
"CORR0234",1,"HND"
"CORR0235",1,"HND"
"CORR0236",1,"HND"
"CORR0237",1,"HND"
"CORR0238",1,"HND"
"CORR0239",1,"HND"
"CORR0240",1,"HND"
"CORR0241",1,"HND"
"CORR0242",1,"HND"
"CORR0243",1,"HND"
"CORR0244",2,"GTM, HND"
"CORR0245",1,"HND"
"CORR0246",1,"HND"
"CORR0247",1,"HND"
"CORR0248",2,"GTM, HND"
"CORR0249",2,"GTM, HND"
"CORR0250",1,"HND"
"CORR0251",1,"HND"
"CORR0252",1,"HND"
"CORR0253",1,"HND"
"CORR0254",1,"HND"
"CORR0255",1,"HND"
"CORR0256",1,"COL"
"CORR0257",1,"COL"
"CORR0258",1,"COL"
"CORR0259",1,"COL"
"CORR0260",1,"COL"
"CORR0261",1,"PAN"
"CORR0262",1,"PAN"
"CORR0263",1,"PAN"
"CORR0264",1,"PAN"
"CORR0265",2,"CRI, PAN"
"CORR0266",2,"GTM, MEX"
"CORR0267",1,"GTM"
"CORR0268",2,"GTM, MEX"
"CORR0269",2,"BLZ, GTM"
"CORR0270",1,"GTM"
"CORR0271",2,"GTM, MEX"
"CORR0272",2,"GTM, MEX"
"CORR0273",2,"GTM, MEX"
"CORR0274",2,"GTM, MEX"
"CORR0275",2,"GTM, MEX"
"CORR0276",2,"GTM, MEX"
"CORR0277",2,"GTM, MEX"
"CORR0278",2,"GTM, MEX"
"CORR0279",2,"GTM, MEX"
"CORR0280",2,"GTM, MEX"
"CORR0281",2,"GTM, MEX"
"CORR0282",2,"GTM, MEX"
"CORR0283",2,"GTM, MEX"
"CORR0284",2,"GTM, MEX"
"CORR0285",2,"GTM, MEX"
"CORR0286",2,"GTM, MEX"
"CORR0287",2,"GTM, MEX"
"CORR0288",2,"GTM, MEX"
"CORR0289",2,"GTM, MEX"
"CORR0290",2,"GTM, MEX"
"CORR0291",2,"GTM, MEX"
"CORR0292",2,"GTM, MEX"
"CORR0293",2,"GTM, MEX"
"CORR0294",2,"GTM, MEX"
"CORR0295",2,"GTM, MEX"
"CORR0296",2,"GTM, HND"
"CORR0297",2,"GTM, HND"
"CORR0298",1,"GTM"
"CORR0299",2,"GTM, HND"
"CORR0300",1,"GTM"
"CORR0301",1,"GTM"
"CORR0302",1,"GTM"
"CORR0303",1,"GTM"
"CORR0304",2,"GTM, MEX"
"CORR0305",1,"GTM"
"CORR0306",1,"HND"
"CORR0307",1,"HND"
"CORR0308",1,"HND"
"CORR0309",1,"HND"
"CORR0310",1,"HND"
"CORR0311",1,"CRI"
"CORR0312",1,"CRI"
"CORR0313",1,"CRI"
"CORR0314",1,"CRI"
"CORR0315",1,"CRI"
"CORR0316",1,"CRI"
"CORR0317",1,"CRI"
"CORR0318",1,"CRI"
"CORR0319",2,"CRI, PAN"
"CORR0320",1,"CRI"
"CORR0321",1,"CRI"
"CORR0322",1,"CRI"
"CORR0323",1,"CRI"
"CORR0324",1,"CRI"
"CORR0325",1,"CRI"
"CORR0326",2,"BLZ, GTM"
"CORR0327",3,"BLZ, GTM, HND"
"CORR0328",2,"BLZ, GTM"
"CORR0329",3,"BLZ, GTM, HND"
"CORR0330",2,"BLZ, GTM"
"CORR0331",1,"PAN"
"CORR0332",1,"PAN"
"CORR0333",1,"PAN"
"CORR0334",1,"PAN"
"CORR0335",1,"PAN"
"CORR0336",1,"CRI"
"CORR0337",1,"CRI"
"CORR0338",1,"CRI"
"CORR0339",1,"CRI"
"CORR0340",1,"CRI"
"CORR0341",1,"HND"
"CORR0342",1,"HND"
"CORR0343",1,"HND"
"CORR0344",1,"HND"
"CORR0345",1,"HND"
"CORR0346",1,"CRI"
"CORR0347",1,"CRI"
"CORR0348",1,"CRI"
"CORR0349",1,"CRI"
"CORR0350",1,"CRI"
"CORR0351",1,"CRI"
"CORR0352",1,"CRI"
"CORR0353",1,"CRI"
"CORR0354",1,"CRI"
"CORR0355",1,"CRI"
"CORR0356",1,"CRI"
"CORR0357",1,"CRI"
"CORR0358",1,"CRI"
"CORR0359",1,"CRI"
"CORR0360",1,"CRI"
"CORR0361",3,"BLZ, GTM, HND"
"CORR0362",3,"BLZ, GTM, HND"
"CORR0363",3,"BLZ, GTM, HND"
"CORR0364",3,"BLZ, GTM, HND"
"CORR0365",3,"BLZ, GTM, HND"
"CORR0366",2,"BLZ, GTM"
"CORR0367",3,"BLZ, GTM, HND"
"CORR0368",3,"BLZ, GTM, HND"
"CORR0369",3,"BLZ, GTM, HND"
"CORR0370",2,"BLZ, GTM"
"CORR0371",3,"BLZ, GTM, HND"
"CORR0372",2,"BLZ, GTM"
"CORR0373",2,"BLZ, GTM"
"CORR0374",2,"BLZ, GTM"
"CORR0375",2,"BLZ, GTM"
"CORR0376",3,"BLZ, GTM, HND"
"CORR0377",3,"BLZ, GTM, HND"
"CORR0378",3,"BLZ, GTM, HND"
"CORR0379",2,"BLZ, GTM"
"CORR0380",3,"BLZ, GTM, HND"
"CORR0381",3,"BLZ, GTM, HND"
"CORR0382",2,"BLZ, GTM"
"CORR0383",3,"BLZ, GTM, HND"
"CORR0384",3,"BLZ, GTM, HND"
"CORR0385",3,"BLZ, GTM, HND"
"CORR0386",2,"GTM, MEX"
"CORR0387",2,"GTM, MEX"
"CORR0388",1,"GTM"
"CORR0389",2,"GTM, MEX"
"CORR0390",2,"GTM, MEX"
"CORR0391",2,"GTM, MEX"
"CORR0392",2,"GTM, MEX"
"CORR0393",1,"GTM"
"CORR0394",2,"GTM, MEX"
"CORR0395",2,"GTM, MEX"
"CORR0396",2,"GTM, MEX"
"CORR0397",2,"GTM, MEX"
"CORR0398",2,"GTM, MEX"
"CORR0399",2,"GTM, MEX"
"CORR0400",2,"GTM, MEX"
"CORR0401",1,"GTM"
"CORR0402",1,"GTM"
"CORR0403",1,"GTM"
"CORR0404",1,"GTM"
"CORR0405",1,"GTM"
"CORR0406",1,"GTM"
"CORR0407",1,"GTM"
"CORR0408",1,"GTM"
"CORR0409",1,"GTM"
"CORR0410",1,"GTM"
"CORR0411",1,"CRI"
"CORR0412",1,"CRI"
"CORR0413",1,"CRI"
"CORR0414",1,"CRI"
"CORR0415",1,"CRI"
"CORR0416",1,"HND"
"CORR0417",1,"HND"
"CORR0418",1,"HND"
"CORR0419",1,"HND"
"CORR0420",1,"HND"
"CORR0421",1,"CRI"
"CORR0422",1,"CRI"
"CORR0423",1,"CRI"
"CORR0424",1,"CRI"
"CORR0425",1,"CRI"
"CORR0426",1,"NIC"
"CORR0427",1,"NIC"
"CORR0428",2,"HND, NIC"
"CORR0429",2,"HND, NIC"
"CORR0430",2,"HND, NIC"
"CORR0431",3,"BLZ, GTM, HND"
"CORR0432",3,"BLZ, GTM, HND"
"CORR0433",3,"BLZ, GTM, HND"
"CORR0434",3,"BLZ, GTM, HND"
"CORR0435",3,"BLZ, GTM, HND"
"CORR0436",3,"BLZ, GTM, HND"
"CORR0437",2,"BLZ, GTM"
"CORR0438",3,"BLZ, GTM, HND"
"CORR0439",2,"BLZ, GTM"
"CORR0440",3,"BLZ, GTM, HND"
"CORR0441",3,"BLZ, GTM, HND"
"CORR0442",3,"BLZ, GTM, HND"
"CORR0443",3,"BLZ, GTM, HND"
"CORR0444",3,"BLZ, GTM, HND"
"CORR0445",3,"BLZ, GTM, HND"
"CORR0446",1,"PAN"
"CORR0447",1,"PAN"
"CORR0448",1,"PAN"
"CORR0449",1,"PAN"
"CORR0450",1,"PAN"
"CORR0451",1,"CRI"
"CORR0452",1,"CRI"
"CORR0453",1,"CRI"
"CORR0454",1,"CRI"
"CORR0455",1,"CRI"
"CORR0456",2,"BLZ, GTM"
"CORR0457",2,"BLZ, GTM"
"CORR0458",2,"BLZ, GTM"
"CORR0459",2,"BLZ, GTM"
"CORR0460",2,"BLZ, GTM"
"CORR0461",1,"CRI"
"CORR0462",1,"CRI"
"CORR0463",1,"CRI"
"CORR0464",1,"CRI"
"CORR0465",1,"CRI"
"CORR0466",3,"BLZ, GTM, HND"
"CORR0467",2,"BLZ, GTM"
"CORR0468",3,"BLZ, GTM, HND"
"CORR0469",3,"BLZ, GTM, HND"
"CORR0470",2,"BLZ, GTM"
"CORR0471",1,"GTM"
"CORR0472",1,"GTM"
"CORR0473",1,"GTM"
"CORR0474",1,"GTM"
"CORR0475",1,"GTM"
"CORR0476",1,"HND"
"CORR0477",1,"HND"
"CORR0478",1,"HND"
"CORR0479",1,"HND"
"CORR0480",1,"HND"
"CORR0481",1,"COL"
"CORR0482",1,"COL"
"CORR0483",1,"COL"
"CORR0484",1,"COL"
"CORR0485",1,"COL"
"CORR0486",1,"COL"
"CORR0487",1,"COL"
"CORR0488",1,"COL"
"CORR0489",1,"COL"
"CORR0490",1,"COL"
"CORR0491",1,"COL"
"CORR0492",1,"COL"
"CORR0493",1,"COL"
"CORR0494",1,"COL"
"CORR0495",1,"COL"
"CORR0496",1,"SLV"
"CORR0497",2,"GTM, SLV"
"CORR0498",3,"GTM, HND, SLV"
"CORR0499",2,"GTM, SLV"
"CORR0500",3,"GTM, HND, SLV"
"CORR0501",2,"COL, PAN"
"CORR0502",1,"COL"
"CORR0503",2,"COL, PAN"
"CORR0504",1,"COL"
"CORR0505",1,"COL"
"CORR0506",1,"COL"
"CORR0507",1,"COL"
"CORR0508",1,"COL"
"CORR0509",1,"COL"
"CORR0510",1,"COL"
"CORR0511",1,"SLV"
"CORR0512",1,"SLV"
"CORR0513",1,"SLV"
"CORR0514",2,"GTM, SLV"
"CORR0515",2,"GTM, SLV"
"CORR0516",1,"COL"
"CORR0517",1,"COL"
"CORR0518",1,"COL"
"CORR0519",1,"COL"
"CORR0520",1,"COL"
"CORR0521",2,"COL, PAN"
"CORR0522",1,"COL"
"CORR0523",2,"COL, PAN"
"CORR0524",1,"COL"
"CORR0525",1,"COL"
"CORR0526",1,"HND"
"CORR0527",1,"HND"
"CORR0528",1,"HND"
"CORR0529",1,"HND"
"CORR0530",1,"HND"
"CORR0531",1,"HND"
"CORR0532",1,"HND"
"CORR0533",1,"HND"
"CORR0534",1,"HND"
"CORR0535",1,"HND"
"CORR0536",1,"PAN"
"CORR0537",1,"PAN"
"CORR0538",1,"PAN"
"CORR0539",1,"PAN"
"CORR0540",1,"PAN"
"CORR0541",1,"HND"
"CORR0542",1,"HND"
"CORR0543",1,"HND"
"CORR0544",1,"HND"
"CORR0545",2,"GTM, HND"
"CORR0546",1,"GTM"
"CORR0547",1,"GTM"
"CORR0548",1,"GTM"
"CORR0549",1,"GTM"
"CORR0550",1,"GTM"
"CORR0551",1,"COL"
"CORR0552",1,"COL"
"CORR0553",1,"COL"
"CORR0554",1,"COL"
"CORR0555",1,"COL"
"CORR0556",1,"GTM"
"CORR0557",1,"GTM"
"CORR0558",1,"GTM"
"CORR0559",1,"GTM"
"CORR0560",1,"GTM"
"CORR0561",1,"PAN"
"CORR0562",1,"PAN"
"CORR0563",1,"PAN"
"CORR0564",1,"PAN"
"CORR0565",1,"PAN"
"CORR0566",1,"PAN"
"CORR0567",1,"PAN"
"CORR0568",1,"PAN"
"CORR0569",1,"PAN"
"CORR0570",1,"PAN"
"CORR0571",1,"PAN"
"CORR0572",1,"PAN"
"CORR0573",1,"PAN"
"CORR0574",1,"PAN"
"CORR0575",1,"PAN"
"CORR0576",1,"PAN"
"CORR0577",1,"PAN"
"CORR0578",1,"PAN"
"CORR0579",1,"PAN"
"CORR0580",1,"PAN"
"CORR0581",1,"MEX"
"CORR0582",1,"MEX"
"CORR0583",1,"MEX"
"CORR0584",1,"MEX"
"CORR0585",1,"MEX"
"CORR0586",1,"MEX"
"CORR0587",1,"MEX"
"CORR0588",1,"MEX"
"CORR0589",1,"MEX"
"CORR0590",1,"MEX"
"CORR0591",2,"GTM, MEX"
"CORR0592",2,"GTM, MEX"
"CORR0593",2,"GTM, MEX"
"CORR0594",2,"GTM, MEX"
"CORR0595",2,"GTM, MEX"
"CORR0596",2,"GTM, MEX"
"CORR0597",2,"GTM, MEX"
"CORR0598",1,"GTM"
"CORR0599",2,"GTM, MEX"
"CORR0600",2,"GTM, MEX"
"CORR0601",1,"GTM"
"CORR0602",1,"GTM"
"CORR0603",1,"GTM"
"CORR0604",1,"GTM"
"CORR0605",1,"GTM"
"CORR0606",1,"GTM"
"CORR0607",1,"GTM"
"CORR0608",1,"GTM"
"CORR0609",1,"GTM"
"CORR0610",1,"GTM"
"CORR0611",1,"GTM"
"CORR0612",1,"GTM"
"CORR0613",1,"GTM"
"CORR0614",1,"GTM"
"CORR0615",1,"GTM"
"CORR0616",2,"GTM, HND"
"CORR0617",2,"GTM, HND"
"CORR0618",2,"GTM, HND"
"CORR0619",1,"GTM"
"CORR0620",1,"GTM"
"CORR0621",2,"CRI, NIC"
"CORR0622",2,"CRI, NIC"
"CORR0623",2,"CRI, NIC"
"CORR0624",2,"CRI, NIC"
"CORR0625",2,"CRI, NIC"
"CORR0626",2,"GTM, HND"
"CORR0627",2,"GTM, HND"
"CORR0628",2,"GTM, HND"
"CORR0629",2,"GTM, HND"
"CORR0630",2,"GTM, HND"
"CORR0631",2,"GTM, HND"
"CORR0632",1,"GTM"
"CORR0633",2,"GTM, HND"
"CORR0634",2,"GTM, HND"
"CORR0635",1,"GTM"
"CORR0636",1,"HND"
"CORR0637",1,"HND"
"CORR0638",1,"HND"
"CORR0639",1,"HND"
"CORR0640",1,"HND"
"CORR0641",2,"GTM, HND"
"CORR0642",2,"GTM, HND"
"CORR0643",2,"GTM, HND"
"CORR0644",2,"GTM, HND"
"CORR0645",2,"GTM, HND"
"CORR0646",1,"GTM"
"CORR0647",1,"GTM"
"CORR0648",1,"GTM"
"CORR0649",1,"GTM"
"CORR0650",1,"GTM"
"CORR0651",1,"COL"
"CORR0652",1,"COL"
"CORR0653",1,"COL"
"CORR0654",1,"COL"
"CORR0655",1,"COL"
"CORR0656",1,"COL"
"CORR0657",1,"COL"
"CORR0658",1,"COL"
"CORR0659",1,"COL"
"CORR0660",1,"COL"
"CORR0661",1,"COL"
"CORR0662",1,"COL"
"CORR0663",1,"COL"
"CORR0664",1,"COL"
"CORR0665",1,"COL"
"CORR0666",1,"PAN"
"CORR0667",1,"PAN"
"CORR0668",1,"PAN"
"CORR0669",1,"PAN"
"CORR0670",1,"PAN"
"CORR0671",2,"HND, NIC"
"CORR0672",2,"HND, NIC"
"CORR0673",2,"HND, NIC"
"CORR0674",2,"HND, NIC"
"CORR0675",2,"HND, NIC"
"CORR0676",2,"HND, NIC"
"CORR0677",2,"HND, NIC"
"CORR0678",2,"HND, NIC"
"CORR0679",2,"HND, NIC"
"CORR0680",2,"HND, NIC"
"CORR0681",1,"NIC"
"CORR0682",2,"HND, NIC"
"CORR0683",2,"HND, NIC"
"CORR0684",1,"NIC"
"CORR0685",2,"HND, NIC"
"CORR0686",2,"CRI, NIC"
"CORR0687",2,"CRI, NIC"
"CORR0688",1,"NIC"
"CORR0689",2,"CRI, NIC"
"CORR0690",2,"CRI, NIC"
"CORR0691",1,"CRI"
"CORR0692",1,"CRI"
"CORR0693",1,"CRI"
"CORR0694",1,"CRI"
"CORR0695",1,"CRI"
"CORR0696",1,"NIC"
"CORR0697",2,"HND, NIC"
"CORR0698",2,"HND, NIC"
"CORR0699",2,"HND, NIC"
"CORR0700",1,"NIC"
"CORR0701",1,"NIC"
"CORR0702",2,"HND, NIC"
"CORR0703",2,"HND, NIC"
"CORR0704",1,"NIC"
"CORR0705",2,"HND, NIC"
"CORR0706",1,"NIC"
"CORR0707",2,"HND, NIC"
"CORR0708",1,"NIC"
"CORR0709",2,"HND, NIC"
"CORR0710",2,"HND, NIC"
"CORR0711",2,"CRI, NIC"
"CORR0712",2,"CRI, NIC"
"CORR0713",1,"NIC"
"CORR0714",2,"CRI, NIC"
"CORR0715",1,"NIC"
"CORR0716",1,"NIC"
"CORR0717",1,"NIC"
"CORR0718",2,"HND, NIC"
"CORR0719",2,"CRI, NIC"
"CORR0720",2,"HND, NIC"
"CORR0721",2,"HND, NIC"
"CORR0722",2,"HND, NIC"
"CORR0723",2,"HND, NIC"
"CORR0724",2,"HND, NIC"
"CORR0725",2,"HND, NIC"
"CORR0726",1,"NIC"
"CORR0727",2,"CRI, NIC"
"CORR0728",1,"NIC"
"CORR0729",2,"CRI, NIC"
"CORR0730",2,"HND, NIC"
"CORR0731",1,"CRI"
"CORR0732",1,"CRI"
"CORR0733",1,"CRI"
"CORR0734",1,"CRI"
"CORR0735",1,"CRI"
"CORR0736",1,"CRI"
"CORR0737",1,"CRI"
"CORR0738",1,"CRI"
"CORR0739",1,"CRI"
"CORR0740",1,"CRI"
"CORR0741",3,"BLZ, GTM, HND"
"CORR0742",3,"BLZ, GTM, HND"
"CORR0743",3,"BLZ, GTM, HND"
"CORR0744",3,"BLZ, GTM, HND"
"CORR0745",2,"BLZ, GTM"
"CORR0746",3,"BLZ, GTM, HND"
"CORR0747",3,"BLZ, GTM, HND"
"CORR0748",2,"BLZ, GTM"
"CORR0749",3,"BLZ, GTM, HND"
"CORR0750",2,"BLZ, GTM"
"CORR0751",3,"BLZ, GTM, HND"
"CORR0752",3,"BLZ, GTM, HND"
"CORR0753",3,"BLZ, GTM, HND"
"CORR0754",3,"BLZ, GTM, HND"
"CORR0755",2,"BLZ, GTM"
"CORR0756",1,"CRI"
"CORR0757",1,"CRI"
"CORR0758",1,"CRI"
"CORR0759",1,"CRI"
"CORR0760",1,"CRI"
"CORR0761",1,"HND"
"CORR0762",1,"HND"
"CORR0763",1,"HND"
"CORR0764",1,"HND"
"CORR0765",1,"HND"
"CORR0766",1,"CRI"
"CORR0767",1,"CRI"
"CORR0768",1,"CRI"
"CORR0769",1,"CRI"
"CORR0770",1,"CRI"
"CORR0771",3,"BLZ, GTM, HND"
"CORR0772",2,"BLZ, GTM"
"CORR0773",3,"BLZ, GTM, HND"
"CORR0774",3,"BLZ, GTM, HND"
"CORR0775",3,"BLZ, GTM, HND"
"CORR0776",1,"CRI"
"CORR0777",1,"CRI"
"CORR0778",1,"CRI"
"CORR0779",1,"CRI"
"CORR0780",1,"CRI"
"CORR0781",1,"CRI"
"CORR0782",1,"CRI"
"CORR0783",1,"CRI"
"CORR0784",1,"CRI"
"CORR0785",1,"CRI"
"CORR0786",1,"NIC"
"CORR0787",2,"HND, NIC"
"CORR0788",2,"HND, NIC"
"CORR0789",2,"HND, NIC"
"CORR0790",1,"NIC"
"CORR0791",2,"CRI, NIC"
"CORR0792",2,"CRI, NIC"
"CORR0793",2,"CRI, NIC"
"CORR0794",2,"CRI, NIC"
"CORR0795",2,"CRI, NIC"
"CORR0796",1,"NIC"
"CORR0797",1,"NIC"
"CORR0798",2,"HND, NIC"
"CORR0799",2,"HND, NIC"
"CORR0800",2,"HND, NIC"
"CORR0801",1,"NIC"
"CORR0802",1,"NIC"
"CORR0803",2,"HND, NIC"
"CORR0804",2,"HND, NIC"
"CORR0805",2,"HND, NIC"
"CORR0806",1,"NIC"
"CORR0807",1,"NIC"
"CORR0808",2,"HND, NIC"
"CORR0809",2,"CRI, NIC"
"CORR0810",2,"CRI, NIC"
"CORR0811",1,"NIC"
"CORR0812",2,"HND, NIC"
"CORR0813",2,"HND, NIC"
"CORR0814",2,"HND, NIC"
"CORR0815",2,"HND, NIC"
"CORR0816",1,"NIC"
"CORR0817",2,"HND, NIC"
"CORR0818",2,"HND, NIC"
"CORR0819",2,"HND, NIC"
"CORR0820",2,"HND, NIC"
"CORR0821",1,"NIC"
"CORR0822",1,"NIC"
"CORR0823",2,"HND, NIC"
"CORR0824",2,"HND, NIC"
"CORR0825",2,"HND, NIC"
"CORR0826",1,"NIC"
"CORR0827",1,"NIC"
"CORR0828",2,"CRI, NIC"
"CORR0829",2,"CRI, NIC"
"CORR0830",2,"CRI, NIC"
"CORR0831",1,"NIC"
"CORR0832",1,"NIC"
"CORR0833",2,"CRI, NIC"
"CORR0834",2,"CRI, NIC"
"CORR0835",2,"CRI, NIC"
"CORR0836",1,"NIC"
"CORR0837",2,"HND, NIC"
"CORR0838",1,"NIC"
"CORR0839",2,"HND, NIC"
"CORR0840",2,"HND, NIC"
"CORR0841",1,"NIC"
"CORR0842",2,"CRI, NIC"
"CORR0843",1,"NIC"
"CORR0844",2,"CRI, NIC"
"CORR0845",2,"HND, NIC"
"CORR0846",2,"CRI, NIC"
"CORR0847",1,"NIC"
"CORR0848",2,"CRI, NIC"
"CORR0849",1,"NIC"
"CORR0850",2,"HND, NIC"
"CORR0851",1,"NIC"
"CORR0852",1,"NIC"
"CORR0853",2,"HND, NIC"
"CORR0854",2,"HND, NIC"
"CORR0855",2,"HND, NIC"
"CORR0856",1,"PAN"
"CORR0857",1,"PAN"
"CORR0858",1,"PAN"
"CORR0859",1,"PAN"
"CORR0860",1,"PAN"
"CORR0861",1,"PAN"
"CORR0862",1,"PAN"
"CORR0863",1,"PAN"
"CORR0864",1,"PAN"
"CORR0865",1,"PAN"
"CORR0866",1,"CRI"
"CORR0867",1,"CRI"
"CORR0868",1,"CRI"
"CORR0869",1,"CRI"
"CORR0870",1,"CRI"
"CORR0871",1,"PAN"
"CORR0872",1,"PAN"
"CORR0873",1,"PAN"
"CORR0874",1,"PAN"
"CORR0875",1,"PAN"
"CORR0876",1,"CRI"
"CORR0877",1,"CRI"
"CORR0878",1,"CRI"
"CORR0879",1,"CRI"
"CORR0880",1,"CRI"
"CORR0881",2,"CRI, NIC"
"CORR0882",2,"CRI, NIC"
"CORR0883",2,"CRI, NIC"
"CORR0884",2,"CRI, NIC"
"CORR0885",2,"CRI, NIC"
"CORR0886",1,"NIC"
"CORR0887",2,"HND, NIC"
"CORR0888",2,"HND, NIC"
"CORR0889",2,"HND, NIC"
"CORR0890",2,"HND, NIC"
"CORR0891",2,"CRI, NIC"
"CORR0892",2,"CRI, NIC"
"CORR0893",2,"CRI, NIC"
"CORR0894",2,"CRI, NIC"
"CORR0895",2,"CRI, NIC"
"CORR0896",3,"BLZ, GTM, HND"
"CORR0897",3,"BLZ, GTM, HND"
"CORR0898",3,"BLZ, GTM, HND"
"CORR0899",2,"BLZ, GTM"
"CORR0900",2,"BLZ, GTM"
"CORR0901",3,"BLZ, GTM, HND"
"CORR0902",3,"BLZ, GTM, HND"
"CORR0903",3,"BLZ, GTM, HND"
"CORR0904",3,"BLZ, GTM, HND"
"CORR0905",3,"BLZ, GTM, HND"
"CORR0906",3,"BLZ, GTM, HND"
"CORR0907",2,"BLZ, GTM"
"CORR0908",3,"BLZ, GTM, HND"
"CORR0909",3,"BLZ, GTM, HND"
"CORR0910",2,"BLZ, GTM"
"CORR0911",1,"HND"
"CORR0912",1,"HND"
"CORR0913",1,"HND"
"CORR0914",1,"HND"
"CORR0915",1,"HND"
"CORR0916",1,"HND"
"CORR0917",1,"HND"
"CORR0918",1,"HND"
"CORR0919",1,"HND"
"CORR0920",1,"HND"
"CORR0921",1,"HND"
"CORR0922",2,"HND, NIC"
"CORR0923",2,"HND, NIC"
"CORR0924",1,"HND"
"CORR0925",1,"HND"
"CORR0926",1,"HND"
"CORR0927",1,"HND"
"CORR0928",1,"HND"
"CORR0929",1,"HND"
"CORR0930",1,"HND"
"CORR0931",1,"HND"
"CORR0932",1,"HND"
"CORR0933",1,"HND"
"CORR0934",1,"HND"
"CORR0935",1,"HND"
"CORR0936",2,"CRI, NIC"
"CORR0937",2,"CRI, NIC"
"CORR0938",2,"CRI, NIC"
"CORR0939",2,"CRI, NIC"
"CORR0940",2,"CRI, NIC"
"CORR0941",2,"CRI, NIC"
"CORR0942",2,"CRI, NIC"
"CORR0943",2,"CRI, NIC"
"CORR0944",2,"CRI, NIC"
"CORR0945",2,"CRI, NIC"
"CORR0946",2,"CRI, NIC"
"CORR0947",2,"CRI, NIC"
"CORR0948",2,"CRI, NIC"
"CORR0949",2,"CRI, NIC"
"CORR0950",2,"CRI, NIC"
"CORR0951",2,"CRI, NIC"
"CORR0952",2,"CRI, NIC"
"CORR0953",2,"CRI, NIC"
"CORR0954",2,"CRI, NIC"
"CORR0955",2,"CRI, NIC"
"CORR0956",1,"HND"
"CORR0957",2,"HND, NIC"
"CORR0958",2,"HND, NIC"
"CORR0959",1,"HND"
"CORR0960",1,"HND"
"CORR0961",1,"HND"
"CORR0962",2,"HND, NIC"
"CORR0963",2,"HND, NIC"
"CORR0964",1,"HND"
"CORR0965",1,"HND"
"CORR0966",3,"BLZ, GTM, HND"
"CORR0967",3,"BLZ, GTM, HND"
"CORR0968",3,"BLZ, GTM, HND"
"CORR0969",2,"BLZ, GTM"
"CORR0970",2,"BLZ, GTM"
"CORR0976",1,"NIC"
"CORR0977",2,"HND, NIC"
"CORR0978",2,"HND, NIC"
"CORR0979",2,"HND, NIC"
"CORR0980",2,"HND, NIC"
"CORR0981",1,"NIC"
"CORR0982",2,"HND, NIC"
"CORR0983",2,"HND, NIC"
"CORR0984",2,"HND, NIC"
"CORR0985",2,"HND, NIC"
"CORR0986",1,"NIC"
"CORR0987",1,"NIC"
"CORR0988",2,"HND, NIC"
"CORR0989",2,"HND, NIC"
"CORR0990",2,"HND, NIC"
"CORR0991",3,"BLZ, GTM, HND"
"CORR0992",3,"BLZ, GTM, HND"
"CORR0993",3,"BLZ, GTM, HND"
"CORR0994",2,"BLZ, GTM"
"CORR0995",2,"BLZ, GTM"
"CORR0996",3,"BLZ, GTM, HND"
"CORR0997",2,"BLZ, GTM"
"CORR0998",3,"BLZ, GTM, HND"
"CORR0999",3,"BLZ, GTM, HND"
"CORR1000",3,"BLZ, GTM, HND"
"CORR1001",1,"COL"
"CORR1002",1,"COL"
"CORR1003",1,"COL"
"CORR1004",1,"COL"
"CORR1005",2,"COL, PAN"
"CORR1006",2,"COL, PAN"
"CORR1007",2,"COL, PAN"
"CORR1008",2,"COL, PAN"
"CORR1009",1,"PAN"
"CORR1010",1,"PAN"
"CORR1011",2,"COL, PAN"
"CORR1012",2,"COL, PAN"
"CORR1013",2,"COL, PAN"
"CORR1014",1,"PAN"
"CORR1015",1,"PAN"
"CORR1016",2,"GTM, HND"
"CORR1017",2,"GTM, HND"
"CORR1018",2,"GTM, HND"
"CORR1019",1,"GTM"
"CORR1020",1,"GTM"
"CORR1021",1,"HND"
"CORR1022",1,"HND"
"CORR1023",1,"HND"
"CORR1024",1,"HND"
"CORR1025",1,"HND"
"CORR1026",1,"SLV"
"CORR1027",1,"SLV"
"CORR1028",1,"SLV"
"CORR1029",1,"SLV"
"CORR1030",2,"HND, SLV"
"CORR1031",2,"CRI, NIC"
"CORR1032",2,"CRI, NIC"
"CORR1033",2,"CRI, NIC"
"CORR1034",2,"CRI, NIC"
"CORR1035",2,"CRI, NIC"
"CORR1036",3,"BLZ, GTM, HND"
"CORR1037",2,"BLZ, GTM"
"CORR1038",3,"BLZ, GTM, HND"
"CORR1039",3,"BLZ, GTM, HND"
"CORR1040",3,"BLZ, GTM, HND"
"CORR1041",1,"HND"
"CORR1042",1,"HND"
"CORR1043",1,"HND"
"CORR1044",1,"HND"
"CORR1045",1,"HND"
"CORR1046",1,"PAN"
"CORR1047",1,"PAN"
"CORR1048",1,"PAN"
"CORR1049",1,"PAN"
"CORR1050",1,"PAN"
"CORR1051",2,"COL, PAN"
"CORR1052",2,"COL, PAN"
"CORR1053",1,"PAN"
"CORR1054",2,"COL, PAN"
"CORR1055",2,"COL, PAN"
"CORR1056",2,"COL, PAN"
"CORR1057",2,"COL, PAN"
"CORR1058",1,"PAN"
"CORR1059",2,"COL, PAN"
"CORR1060",2,"COL, PAN"
"CORR1061",1,"HND"
"CORR1062",1,"HND"
"CORR1063",1,"HND"
"CORR1064",1,"HND"
"CORR1065",1,"HND"
"CORR1066",2,"COL, PAN"
"CORR1067",2,"COL, PAN"
"CORR1068",1,"PAN"
"CORR1069",2,"COL, PAN"
"CORR1070",2,"COL, PAN"
"CORR1076",1,"PAN"
"CORR1077",1,"PAN"
"CORR1078",1,"PAN"
"CORR1079",1,"PAN"
"CORR1080",1,"PAN"
"CORR1081",1,"PAN"
"CORR1082",1,"PAN"
"CORR1083",1,"PAN"
"CORR1084",1,"PAN"
"CORR1085",1,"PAN"
"CORR1086",1,"PAN"
"CORR1087",2,"COL, PAN"
"CORR1088",2,"COL, PAN"
"CORR1089",1,"PAN"
"CORR1090",1,"PAN"
"CORR1091",1,"GTM"
"CORR1092",1,"GTM"
"CORR1093",1,"GTM"
"CORR1094",1,"GTM"
"CORR1095",1,"GTM"
"CORR1096",1,"GTM"
"CORR1097",1,"GTM"
"CORR1098",1,"GTM"
"CORR1099",1,"GTM"
"CORR1100",1,"GTM"
"CORR1101",2,"GTM, HND"
"CORR1102",2,"GTM, HND"
"CORR1103",2,"GTM, HND"
"CORR1104",1,"GTM"
"CORR1105",1,"GTM"
"CORR1106",2,"COL, PAN"
"CORR1107",2,"COL, PAN"
"CORR1108",2,"COL, PAN"
"CORR1109",1,"PAN"
"CORR1110",1,"PAN"
"CORR1111",1,"PAN"
"CORR1112",1,"PAN"
"CORR1113",1,"PAN"
"CORR1114",1,"PAN"
"CORR1115",1,"PAN"
"CORR1116",1,"PAN"
"CORR1117",1,"PAN"
"CORR1118",1,"PAN"
"CORR1119",1,"PAN"
"CORR1120",1,"PAN"
"CORR1121",1,"PAN"
"CORR1122",1,"PAN"
"CORR1123",1,"PAN"
"CORR1124",1,"PAN"
"CORR1125",1,"PAN"
"CORR1126",1,"GTM"
"CORR1127",1,"GTM"
"CORR1128",1,"GTM"
"CORR1129",1,"GTM"
"CORR1130",1,"GTM"
"CORR1131",1,"PAN"
"CORR1132",1,"PAN"
"CORR1133",1,"PAN"
"CORR1134",1,"PAN"
"CORR1135",1,"PAN"
"CORR1136",1,"GTM"
"CORR1137",1,"GTM"
"CORR1138",1,"GTM"
"CORR1139",1,"GTM"
"CORR1140",1,"GTM"
"CORR1141",2,"GTM, HND"
"CORR1142",2,"GTM, HND"
"CORR1143",2,"GTM, HND"
"CORR1144",1,"GTM"
"CORR1145",1,"GTM"
"CORR1146",2,"GTM, HND"
"CORR1147",2,"GTM, HND"
"CORR1148",1,"GTM"
"CORR1149",2,"GTM, HND"
"CORR1150",1,"GTM"
"CORR1151",1,"GTM"
"CORR1152",2,"GTM, HND"
"CORR1153",2,"GTM, HND"
"CORR1154",2,"GTM, HND"
"CORR1155",1,"GTM"
"CORR1156",2,"GTM, HND"
"CORR1157",2,"GTM, HND"
"CORR1158",1,"GTM"
"CORR1159",2,"GTM, HND"
"CORR1160",1,"GTM"
"CORR1161",2,"COL, PAN"
"CORR1162",2,"COL, PAN"
"CORR1163",2,"COL, PAN"
"CORR1164",2,"COL, PAN"
"CORR1165",2,"COL, PAN"
"CORR1166",1,"GTM"
"CORR1167",2,"GTM, HND"
"CORR1168",2,"GTM, HND"
"CORR1169",1,"GTM"
"CORR1170",1,"GTM"
"CORR1171",1,"GTM"
"CORR1172",1,"GTM"
"CORR1173",2,"GTM, HND"
"CORR1174",1,"GTM"
"CORR1175",2,"GTM, HND"
"CORR1176",1,"GTM"
"CORR1177",1,"GTM"
"CORR1178",1,"GTM"
"CORR1179",1,"GTM"
"CORR1180",1,"GTM"
"CORR1181",1,"GTM"
"CORR1182",2,"GTM, MEX"
"CORR1183",2,"GTM, MEX"
"CORR1184",2,"GTM, MEX"
"CORR1185",1,"GTM"
"CORR1186",1,"GTM"
"CORR1187",1,"GTM"
"CORR1188",1,"GTM"
"CORR1189",1,"GTM"
"CORR1190",1,"GTM"
"CORR1191",2,"GTM, HND"
"CORR1192",2,"GTM, HND"
"CORR1193",2,"GTM, HND"
"CORR1194",2,"GTM, HND"
"CORR1195",2,"GTM, HND"
"CORR1196",2,"COL, PAN"
"CORR1197",1,"PAN"
"CORR1198",2,"COL, PAN"
"CORR1199",2,"COL, PAN"
"CORR1200",2,"COL, PAN"
"CORR1201",2,"GTM, MEX"
"CORR1202",2,"GTM, MEX"
"CORR1203",2,"GTM, MEX"
"CORR1204",2,"GTM, MEX"
"CORR1205",2,"GTM, MEX"
"CORR1206",2,"GTM, HND"
"CORR1207",2,"GTM, HND"
"CORR1208",2,"GTM, HND"
"CORR1209",2,"GTM, HND"
"CORR1210",2,"GTM, HND"
"CORR1211",1,"COL"
"CORR1212",1,"COL"
"CORR1213",1,"COL"
"CORR1214",1,"COL"
"CORR1215",1,"COL"
"CORR1216",1,"COL"
"CORR1217",1,"COL"
"CORR1218",1,"COL"
"CORR1219",1,"COL"
"CORR1220",1,"COL"
"CORR1221",1,"COL"
"CORR1222",1,"COL"
"CORR1223",1,"COL"
"CORR1224",2,"COL, PAN"
"CORR1225",2,"COL, PAN"
"CORR1226",3,"BLZ, GTM, HND"
"CORR1227",3,"BLZ, GTM, HND"
"CORR1228",3,"BLZ, GTM, HND"
"CORR1229",2,"BLZ, GTM"
"CORR1230",2,"BLZ, GTM"
"CORR1231",1,"COL"
"CORR1232",1,"COL"
"CORR1233",1,"COL"
"CORR1234",1,"COL"
"CORR1235",1,"COL"
"CORR1236",3,"BLZ, GTM, HND"
"CORR1237",2,"BLZ, GTM"
"CORR1238",2,"BLZ, GTM"
"CORR1239",3,"BLZ, GTM, HND"
"CORR1240",3,"BLZ, GTM, HND"
"CORR1241",3,"BLZ, GTM, HND"
"CORR1242",2,"BLZ, GTM"
"CORR1243",3,"BLZ, GTM, HND"
"CORR1244",3,"BLZ, GTM, HND"
"CORR1245",2,"BLZ, GTM"
"CORR1246",3,"BLZ, GTM, HND"
"CORR1247",2,"BLZ, GTM"
"CORR1248",3,"BLZ, GTM, HND"
"CORR1249",3,"BLZ, GTM, HND"
"CORR1250",3,"BLZ, GTM, HND"
"CORR1251",3,"BLZ, GTM, HND"
"CORR1252",3,"BLZ, GTM, HND"
"CORR1253",3,"BLZ, GTM, HND"
"CORR1254",3,"BLZ, GTM, HND"
"CORR1255",3,"BLZ, GTM, HND"
"CORR1256",3,"BLZ, GTM, HND"
"CORR1257",2,"BLZ, GTM"
"CORR1258",3,"BLZ, GTM, HND"
"CORR1259",3,"BLZ, GTM, HND"
"CORR1260",2,"BLZ, GTM"
"CORR1261",3,"BLZ, GTM, HND"
"CORR1262",3,"BLZ, GTM, HND"
"CORR1263",3,"BLZ, GTM, HND"
"CORR1264",2,"BLZ, GTM"
"CORR1265",3,"BLZ, GTM, HND"
"CORR1266",3,"BLZ, GTM, HND"
"CORR1267",3,"BLZ, GTM, HND"
"CORR1268",3,"BLZ, GTM, HND"
"CORR1269",3,"BLZ, GTM, HND"
"CORR1270",3,"BLZ, GTM, HND"
"CORR1271",3,"BLZ, GTM, HND"
"CORR1272",3,"BLZ, GTM, HND"
"CORR1273",3,"BLZ, GTM, HND"
"CORR1274",3,"BLZ, GTM, HND"
"CORR1275",3,"BLZ, GTM, HND"
"CORR1276",1,"PAN"
"CORR1277",1,"PAN"
"CORR1278",1,"PAN"
"CORR1279",1,"PAN"
"CORR1280",1,"PAN"
"CORR1281",2,"COL, PAN"
"CORR1282",2,"COL, PAN"
"CORR1283",1,"PAN"
"CORR1284",2,"COL, PAN"
"CORR1285",2,"COL, PAN"
"CORR1286",1,"PAN"
"CORR1287",1,"PAN"
"CORR1288",1,"PAN"
"CORR1289",1,"PAN"
"CORR1290",1,"PAN"
"CORR1296",3,"BLZ, GTM, HND"
"CORR1297",2,"BLZ, GTM"
"CORR1298",3,"BLZ, GTM, HND"
"CORR1299",3,"BLZ, GTM, HND"
"CORR1300",2,"BLZ, GTM"
"CORR1301",1,"COL"
"CORR1302",1,"COL"
"CORR1303",1,"COL"
"CORR1304",1,"COL"
"CORR1305",1,"COL"
"CORR1306",1,"CRI"
"CORR1307",1,"CRI"
"CORR1308",1,"CRI"
"CORR1309",1,"CRI"
"CORR1310",1,"CRI"
"CORR1311",1,"CRI"
"CORR1312",1,"CRI"
"CORR1313",1,"CRI"
"CORR1314",1,"CRI"
"CORR1315",1,"CRI"
"CORR1316",1,"COL"
"CORR1317",1,"COL"
"CORR1318",1,"COL"
"CORR1319",1,"COL"
"CORR1320",1,"COL"
"CORR1321",3,"BLZ, GTM, HND"
"CORR1322",3,"BLZ, GTM, HND"
"CORR1323",3,"BLZ, GTM, HND"
"CORR1324",2,"BLZ, GTM"
"CORR1325",3,"BLZ, GTM, HND"
"CORR1326",3,"BLZ, GTM, HND"
"CORR1327",3,"BLZ, GTM, HND"
"CORR1328",3,"BLZ, GTM, HND"
"CORR1329",2,"BLZ, GTM"
"CORR1330",3,"BLZ, GTM, HND"
"CORR1331",1,"COL"
"CORR1332",2,"COL, PAN"
"CORR1333",2,"COL, PAN"
"CORR1334",2,"COL, PAN"
"CORR1335",2,"COL, PAN"
"CORR1336",1,"PAN"
"CORR1337",1,"PAN"
"CORR1338",1,"PAN"
"CORR1339",1,"PAN"
"CORR1340",1,"PAN"
"CORR1341",1,"PAN"
"CORR1342",1,"PAN"
"CORR1343",1,"PAN"
"CORR1344",1,"PAN"
"CORR1345",1,"PAN"
"CORR1346",1,"CRI"
"CORR1347",1,"CRI"
"CORR1348",1,"CRI"
"CORR1349",1,"CRI"
"CORR1350",1,"CRI"
"CORR1351",1,"HND"
"CORR1352",1,"HND"
"CORR1353",1,"HND"
"CORR1354",1,"HND"
"CORR1355",1,"HND"
"CORR1356",1,"COL"
"CORR1357",1,"COL"
"CORR1358",1,"COL"
"CORR1359",1,"COL"
"CORR1360",1,"COL"
"CORR1361",1,"CRI"
"CORR1362",1,"CRI"
"CORR1363",1,"CRI"
"CORR1364",1,"CRI"
"CORR1365",1,"CRI"
"CORR1366",1,"COL"
"CORR1367",1,"COL"
"CORR1368",1,"COL"
"CORR1369",1,"COL"
"CORR1370",1,"COL"
"CORR1371",1,"CRI"
"CORR1372",1,"CRI"
"CORR1373",1,"CRI"
"CORR1374",1,"CRI"
"CORR1375",1,"CRI"
"CORR1376",2,"CRI, PAN"
"CORR1377",2,"CRI, PAN"
"CORR1378",2,"CRI, PAN"
"CORR1379",2,"CRI, PAN"
"CORR1380",2,"CRI, PAN"
"CORR1381",1,"CRI"
"CORR1382",1,"CRI"
"CORR1383",1,"CRI"
"CORR1384",1,"CRI"
"CORR1385",1,"CRI"
"CORR1386",1,"CRI"
"CORR1387",1,"CRI"
"CORR1388",1,"CRI"
"CORR1389",1,"CRI"
"CORR1390",1,"CRI"
"CORR1391",1,"CRI"
"CORR1392",1,"CRI"
"CORR1393",1,"CRI"
"CORR1394",2,"CRI, PAN"
"CORR1395",2,"CRI, PAN"
"CORR1396",1,"HND"
"CORR1397",1,"HND"
"CORR1398",1,"HND"
"CORR1399",1,"HND"
"CORR1400",2,"HND, NIC"
"CORR1401",1,"HND"
"CORR1402",1,"HND"
"CORR1403",1,"HND"
"CORR1404",1,"HND"
"CORR1405",1,"HND"
"CORR1406",3,"BLZ, GTM, HND"
"CORR1407",2,"BLZ, GTM"
"CORR1408",2,"BLZ, GTM"
"CORR1409",2,"BLZ, GTM"
"CORR1410",3,"BLZ, GTM, HND"
"CORR1411",1,"MEX"
"CORR1412",1,"MEX"
"CORR1413",2,"GTM, MEX"
"CORR1414",2,"GTM, MEX"
"CORR1415",2,"GTM, MEX"
"CORR1416",1,"MEX"
"CORR1417",1,"MEX"
"CORR1418",2,"GTM, MEX"
"CORR1419",2,"GTM, MEX"
"CORR1420",2,"GTM, MEX"
"CORR1421",1,"COL"
"CORR1422",1,"COL"
"CORR1423",1,"COL"
"CORR1424",1,"COL"
"CORR1425",1,"COL"
"CORR1426",1,"MEX"
"CORR1427",1,"MEX"
"CORR1428",1,"MEX"
"CORR1429",1,"MEX"
"CORR1430",1,"MEX"
"CORR1431",1,"CRI"
"CORR1432",1,"CRI"
"CORR1433",1,"CRI"
"CORR1434",1,"CRI"
"CORR1435",1,"CRI"
"CORR1436",1,"CRI"
"CORR1437",1,"CRI"
"CORR1438",1,"CRI"
"CORR1439",1,"CRI"
"CORR1440",1,"CRI"
"CORR1441",1,"HND"
"CORR1442",1,"HND"
"CORR1443",1,"HND"
"CORR1444",1,"HND"
"CORR1445",1,"HND"
"CORR1446",1,"PAN"
"CORR1447",1,"PAN"
"CORR1448",1,"PAN"
"CORR1449",1,"PAN"
"CORR1450",1,"PAN"
"CORR1451",2,"BLZ, GTM"
"CORR1452",2,"BLZ, GTM"
"CORR1453",2,"BLZ, GTM"
"CORR1454",2,"BLZ, GTM"
"CORR1455",2,"BLZ, GTM"
"CORR1456",3,"BLZ, GTM, HND"
"CORR1457",2,"BLZ, GTM"
"CORR1458",2,"BLZ, GTM"
"CORR1459",2,"BLZ, GTM"
"CORR1460",3,"BLZ, GTM, HND"
"CORR1461",3,"BLZ, GTM, HND"
"CORR1462",3,"BLZ, GTM, HND"
"CORR1463",3,"BLZ, GTM, HND"
"CORR1464",3,"BLZ, GTM, HND"
"CORR1465",2,"BLZ, GTM"
"CORR1466",1,"PAN"
"CORR1467",1,"PAN"
"CORR1468",1,"PAN"
"CORR1469",1,"PAN"
"CORR1470",1,"PAN"
"CORR1471",1,"MEX"
"CORR1472",1,"MEX"
"CORR1473",1,"MEX"
"CORR1474",1,"MEX"
"CORR1475",1,"MEX"
"CORR1476",3,"BLZ, GTM, HND"
"CORR1477",2,"BLZ, GTM"
"CORR1478",2,"BLZ, GTM"
"CORR1479",2,"BLZ, GTM"
"CORR1480",2,"BLZ, GTM"
"CORR1481",1,"CRI"
"CORR1482",1,"CRI"
"CORR1483",1,"CRI"
"CORR1484",2,"CRI, PAN"
"CORR1485",2,"CRI, PAN"
"CORR1486",1,"HND"
"CORR1487",1,"HND"
"CORR1488",1,"HND"
"CORR1489",1,"HND"
"CORR1490",1,"HND"
"CORR1491",1,"HND"
"CORR1492",2,"HND, NIC"
"CORR1493",2,"HND, NIC"
"CORR1494",1,"HND"
"CORR1495",1,"HND"
"CORR1496",2,"GTM, MEX"
"CORR1497",2,"GTM, MEX"
"CORR1498",2,"GTM, MEX"
"CORR1499",2,"GTM, MEX"
"CORR1500",2,"GTM, MEX"
"CORR1501",2,"GTM, MEX"
"CORR1502",2,"GTM, MEX"
"CORR1503",2,"GTM, MEX"
"CORR1504",2,"GTM, MEX"
"CORR1505",1,"MEX"
"CORR1506",1,"MEX"
"CORR1507",1,"MEX"
"CORR1508",1,"MEX"
"CORR1509",1,"MEX"
"CORR1510",1,"MEX"
"CORR1511",1,"CRI"
"CORR1512",1,"CRI"
"CORR1513",1,"CRI"
"CORR1514",2,"CRI, PAN"
"CORR1515",2,"CRI, PAN"
"CORR1516",1,"CRI"
"CORR1517",1,"CRI"
"CORR1518",1,"CRI"
"CORR1519",1,"CRI"
"CORR1520",1,"CRI"
"CORR1521",1,"MEX"
"CORR1522",1,"MEX"
"CORR1523",1,"MEX"
"CORR1524",1,"MEX"
"CORR1525",1,"MEX"
"CORR1526",1,"COL"
"CORR1527",1,"COL"
"CORR1528",1,"COL"
"CORR1529",2,"COL, PAN"
"CORR1530",2,"COL, PAN"
"CORR1531",1,"MEX"
"CORR1532",1,"MEX"
"CORR1533",1,"MEX"
"CORR1534",1,"MEX"
"CORR1535",1,"MEX"
"CORR1536",1,"MEX"
"CORR1537",1,"MEX"
"CORR1538",1,"MEX"
"CORR1539",1,"MEX"
"CORR1540",1,"MEX"
"CORR1541",2,"GTM, MEX"
"CORR1542",2,"GTM, MEX"
"CORR1543",2,"GTM, MEX"
"CORR1544",2,"GTM, MEX"
"CORR1545",2,"GTM, MEX"
"CORR1546",1,"COL"
"CORR1547",1,"COL"
"CORR1548",1,"COL"
"CORR1549",1,"COL"
"CORR1550",2,"COL, PAN"
"CORR1551",1,"COL"
"CORR1552",1,"COL"
"CORR1553",1,"COL"
"CORR1554",1,"COL"
"CORR1555",1,"COL"
"CORR1556",1,"COL"
"CORR1557",1,"COL"
"CORR1558",1,"COL"
"CORR1559",1,"COL"
"CORR1560",1,"COL"
"CORR1561",1,"MEX"
"CORR1562",1,"MEX"
"CORR1563",1,"MEX"
"CORR1564",1,"MEX"
"CORR1565",1,"MEX"
"CORR1566",1,"COL"
"CORR1567",2,"COL, PAN"
"CORR1568",2,"COL, PAN"
"CORR1569",1,"COL"
"CORR1570",1,"COL"
"CORR1571",1,"COL"
"CORR1572",1,"COL"
"CORR1573",1,"COL"
"CORR1574",1,"COL"
"CORR1575",1,"COL"
"CORR1576",1,"COL"
"CORR1577",1,"COL"
"CORR1578",1,"COL"
"CORR1579",1,"COL"
"CORR1580",1,"COL"
"CORR1581",1,"COL"
"CORR1582",1,"COL"
"CORR1583",1,"COL"
"CORR1584",1,"COL"
"CORR1585",1,"COL"
"CORR1586",1,"COL"
"CORR1587",1,"COL"
"CORR1588",1,"COL"
"CORR1589",1,"COL"
"CORR1590",1,"COL"
"CORR1591",2,"GTM, MEX"
"CORR1592",2,"GTM, MEX"
"CORR1593",2,"GTM, MEX"
"CORR1594",2,"GTM, MEX"
"CORR1595",2,"GTM, MEX"
"CORR1596",1,"COL"
"CORR1597",1,"COL"
"CORR1598",1,"COL"
"CORR1599",1,"COL"
"CORR1600",1,"COL"
"CORR1601",1,"COL"
"CORR1602",1,"COL"
"CORR1603",1,"COL"
"CORR1604",1,"COL"
"CORR1605",1,"COL"
"CORR1606",1,"COL"
"CORR1607",1,"COL"
"CORR1608",1,"COL"
"CORR1609",1,"COL"
"CORR1610",1,"COL"
"CORR1611",1,"COL"
"CORR1612",1,"COL"
"CORR1613",1,"COL"
"CORR1614",1,"COL"
"CORR1615",1,"COL"
"CORR1616",2,"GTM, MEX"
"CORR1617",1,"MEX"
"CORR1618",2,"GTM, MEX"
"CORR1619",1,"MEX"
"CORR1620",2,"GTM, MEX"
"CORR1621",1,"MEX"
"CORR1622",1,"MEX"
"CORR1623",1,"MEX"
"CORR1624",1,"MEX"
"CORR1625",1,"MEX"
"CORR1626",2,"COL, PAN"
"CORR1627",2,"COL, PAN"
"CORR1628",1,"COL"
"CORR1629",2,"COL, PAN"
"CORR1630",1,"COL"
"CORR1631",1,"CRI"
"CORR1632",1,"CRI"
"CORR1633",1,"CRI"
"CORR1634",1,"CRI"
"CORR1635",1,"CRI"
"CORR1636",1,"PAN"
"CORR1637",1,"PAN"
"CORR1638",1,"PAN"
"CORR1639",1,"PAN"
"CORR1640",1,"PAN"
"CORR1641",1,"PAN"
"CORR1642",1,"PAN"
"CORR1643",1,"PAN"
"CORR1644",1,"PAN"
"CORR1645",1,"PAN"
"CORR1646",1,"COL"
"CORR1647",1,"COL"
"CORR1648",1,"COL"
"CORR1649",1,"COL"
"CORR1650",1,"COL"
"CORR1651",1,"COL"
"CORR1652",1,"COL"
"CORR1653",1,"COL"
"CORR1654",1,"COL"
"CORR1655",1,"COL"
"CORR1656",2,"GTM, MEX"
"CORR1657",2,"GTM, MEX"
"CORR1658",2,"GTM, MEX"
"CORR1659",2,"GTM, MEX"
"CORR1660",2,"GTM, MEX"
"CORR1661",1,"MEX"
"CORR1662",1,"MEX"
"CORR1663",1,"MEX"
"CORR1664",1,"MEX"
"CORR1665",1,"MEX"
"CORR1666",1,"COL"
"CORR1667",1,"COL"
"CORR1668",1,"COL"
"CORR1669",1,"COL"
"CORR1670",1,"COL"
"CORR1671",1,"COL"
"CORR1672",1,"COL"
"CORR1673",1,"COL"
"CORR1674",1,"COL"
"CORR1675",1,"COL"
"CORR1676",1,"MEX"
"CORR1677",1,"MEX"
"CORR1678",1,"MEX"
"CORR1679",1,"MEX"
"CORR1680",1,"MEX"
"CORR1681",1,"COL"
"CORR1682",1,"COL"
"CORR1683",1,"COL"
"CORR1684",1,"COL"
"CORR1685",1,"COL"
"CORR1686",1,"MEX"
"CORR1687",1,"MEX"
"CORR1688",1,"MEX"
"CORR1689",1,"MEX"
"CORR1690",1,"MEX"
"CORR1691",1,"COL"
"CORR1692",2,"COL, PAN"
"CORR1693",2,"COL, PAN"
"CORR1694",2,"COL, PAN"
"CORR1695",2,"COL, PAN"
"CORR1696",1,"CRI"
"CORR1697",1,"CRI"
"CORR1698",1,"CRI"
"CORR1699",1,"CRI"
"CORR1700",1,"CRI"
"CORR1701",2,"COL, PAN"
"CORR1702",2,"COL, PAN"
"CORR1703",2,"COL, PAN"
"CORR1704",1,"COL"
"CORR1705",1,"COL"
"CORR1706",1,"COL"
"CORR1707",1,"COL"
"CORR1708",1,"COL"
"CORR1709",1,"COL"
"CORR1710",1,"COL"
"CORR1716",1,"COL"
"CORR1717",1,"COL"
"CORR1718",1,"COL"
"CORR1719",1,"COL"
"CORR1720",1,"COL"
"CORR1721",1,"COL"
"CORR1722",1,"COL"
"CORR1723",1,"COL"
"CORR1724",1,"COL"
"CORR1725",1,"COL"
"CORR1726",1,"COL"
"CORR1727",1,"COL"
"CORR1728",1,"COL"
"CORR1729",1,"COL"
"CORR1730",1,"COL"
"CORR1731",1,"MEX"
"CORR1732",1,"MEX"
"CORR1733",1,"MEX"
"CORR1734",1,"MEX"
"CORR1735",1,"MEX"
"CORR1736",2,"GTM, MEX"
"CORR1737",2,"GTM, MEX"
"CORR1738",2,"GTM, MEX"
"CORR1739",2,"GTM, MEX"
"CORR1740",2,"GTM, MEX"
"CORR1741",2,"GTM, MEX"
"CORR1742",2,"GTM, MEX"
"CORR1743",2,"GTM, MEX"
"CORR1744",2,"GTM, MEX"
"CORR1745",2,"GTM, MEX"
"CORR1746",2,"GTM, MEX"
"CORR1747",2,"GTM, MEX"
"CORR1748",2,"GTM, MEX"
"CORR1749",2,"GTM, MEX"
"CORR1750",2,"GTM, MEX"
"CORR1751",2,"GTM, MEX"
"CORR1752",2,"GTM, MEX"
"CORR1753",2,"GTM, MEX"
"CORR1754",2,"GTM, MEX"
"CORR1755",2,"GTM, MEX"
"CORR1756",4,"BLZ, GTM, HND, MEX"
"CORR1757",3,"BLZ, GTM, MEX"
"CORR1758",3,"BLZ, GTM, MEX"
"CORR1759",3,"BLZ, GTM, MEX"
"CORR1760",2,"GTM, MEX"
"CORR1761",4,"BLZ, GTM, HND, MEX"
"CORR1762",3,"BLZ, GTM, MEX"
"CORR1763",3,"BLZ, GTM, MEX"
"CORR1764",3,"BLZ, GTM, MEX"
"CORR1765",2,"GTM, MEX"
"CORR1766",2,"GTM, MEX"
"CORR1767",2,"GTM, MEX"
"CORR1768",2,"GTM, MEX"
"CORR1769",2,"GTM, MEX"
"CORR1770",3,"BLZ, GTM, MEX"
"CORR1771",4,"BLZ, GTM, HND, MEX"
"CORR1772",3,"BLZ, GTM, MEX"
"CORR1773",3,"BLZ, GTM, MEX"
"CORR1774",3,"BLZ, GTM, MEX"
"CORR1775",2,"GTM, MEX"
"CORR1776",2,"GTM, MEX"
"CORR1777",2,"GTM, MEX"
"CORR1778",2,"GTM, MEX"
"CORR1779",2,"GTM, MEX"
"CORR1780",2,"GTM, MEX"
"CORR1781",1,"COL"
"CORR1782",1,"COL"
"CORR1783",1,"COL"
"CORR1784",1,"COL"
"CORR1785",1,"COL"
"CORR1786",1,"COL"
"CORR1787",1,"COL"
"CORR1788",1,"COL"
"CORR1789",1,"COL"
"CORR1790",1,"COL"
"CORR1796",1,"COL"
"CORR1797",1,"COL"
"CORR1798",1,"COL"
"CORR1799",1,"COL"
"CORR1800",1,"COL"
"CORR1801",2,"GTM, MEX"
"CORR1802",2,"GTM, MEX"
"CORR1803",2,"GTM, MEX"
"CORR1804",2,"GTM, MEX"
"CORR1805",2,"GTM, MEX"
"CORR1806",1,"MEX"
"CORR1807",1,"MEX"
"CORR1808",1,"MEX"
"CORR1809",1,"MEX"
"CORR1810",1,"MEX"
"CORR1811",2,"GTM, MEX"
"CORR1812",2,"GTM, MEX"
"CORR1813",2,"GTM, MEX"
"CORR1814",2,"GTM, MEX"
"CORR1815",2,"GTM, MEX"
"CORR1816",1,"COL"
"CORR1817",1,"COL"
"CORR1818",1,"COL"
"CORR1819",1,"COL"
"CORR1820",1,"COL"
"CORR1821",1,"COL"
"CORR1822",1,"COL"
"CORR1823",1,"COL"
"CORR1824",1,"COL"
"CORR1825",1,"COL"
"CORR1826",1,"COL"
"CORR1827",1,"COL"
"CORR1828",1,"COL"
"CORR1829",1,"COL"
"CORR1830",1,"COL"
"CORR1831",2,"GTM, MEX"
"CORR1832",2,"GTM, MEX"
"CORR1833",2,"GTM, MEX"
"CORR1834",2,"GTM, MEX"
"CORR1835",2,"GTM, MEX"
"CORR1836",1,"MEX"
"CORR1837",1,"MEX"
"CORR1838",1,"MEX"
"CORR1839",1,"MEX"
"CORR1840",1,"MEX"
"CORR1841",4,"BLZ, GTM, HND, MEX"
"CORR1842",2,"GTM, MEX"
"CORR1843",2,"GTM, MEX"
"CORR1844",2,"GTM, MEX"
"CORR1845",2,"GTM, MEX"
"CORR1846",1,"COL"
"CORR1847",1,"COL"
"CORR1848",1,"COL"
"CORR1849",1,"COL"
"CORR1850",1,"COL"
"CORR1856",1,"COL"
"CORR1857",1,"COL"
"CORR1858",1,"COL"
"CORR1859",1,"COL"
"CORR1860",1,"COL"
"CORR1861",1,"MEX"
"CORR1862",1,"MEX"
"CORR1863",1,"MEX"
"CORR1864",1,"MEX"
"CORR1865",1,"MEX"
"CORR1866",1,"MEX"
"CORR1867",1,"MEX"
"CORR1868",1,"MEX"
"CORR1869",1,"MEX"
"CORR1870",1,"MEX"
"CORR1871",2,"GTM, MEX"
"CORR1872",2,"GTM, MEX"
"CORR1873",2,"GTM, MEX"
"CORR1874",2,"GTM, MEX"
"CORR1875",2,"GTM, MEX"
"CORR1876",2,"GTM, MEX"
"CORR1877",2,"GTM, MEX"
"CORR1878",2,"GTM, MEX"
"CORR1879",2,"GTM, MEX"
"CORR1880",2,"GTM, MEX"
"CORR1881",2,"GTM, MEX"
"CORR1882",2,"GTM, MEX"
"CORR1883",2,"GTM, MEX"
"CORR1884",2,"GTM, MEX"
"CORR1885",2,"GTM, MEX"
"CORR1886",2,"GTM, MEX"
"CORR1887",2,"GTM, MEX"
"CORR1888",2,"GTM, MEX"
"CORR1889",2,"GTM, MEX"
"CORR1890",2,"GTM, MEX"
"CORR1891",2,"GTM, MEX"
"CORR1892",2,"GTM, MEX"
"CORR1893",2,"GTM, MEX"
"CORR1894",2,"GTM, MEX"
"CORR1895",2,"GTM, MEX"
"CORR1896",2,"GTM, MEX"
"CORR1897",2,"GTM, MEX"
"CORR1898",2,"GTM, MEX"
"CORR1899",2,"GTM, MEX"
"CORR1900",2,"GTM, MEX"
"CORR1901",2,"GTM, MEX"
"CORR1902",2,"GTM, MEX"
"CORR1903",2,"GTM, MEX"
"CORR1904",2,"GTM, MEX"
"CORR1905",2,"GTM, MEX"
"CORR1906",2,"GTM, MEX"
"CORR1907",2,"GTM, MEX"
"CORR1908",2,"GTM, MEX"
"CORR1909",2,"GTM, MEX"
"CORR1910",2,"GTM, MEX"
"CORR1911",4,"BLZ, GTM, HND, MEX"
"CORR1912",4,"BLZ, GTM, HND, MEX"
"CORR1913",4,"BLZ, GTM, HND, MEX"
"CORR1914",2,"GTM, MEX"
"CORR1915",4,"BLZ, GTM, HND, MEX"
"CORR1916",1,"MEX"
"CORR1917",1,"MEX"
"CORR1918",1,"MEX"
"CORR1919",1,"MEX"
"CORR1920",1,"MEX"
"CORR1921",1,"MEX"
"CORR1922",1,"MEX"
"CORR1923",1,"MEX"
"CORR1924",1,"MEX"
"CORR1925",1,"MEX"
"CORR1926",2,"GTM, MEX"
"CORR1927",2,"GTM, MEX"
"CORR1928",2,"GTM, MEX"
"CORR1929",2,"GTM, MEX"
"CORR1930",2,"GTM, MEX"
"CORR1931",1,"PAN"
"CORR1932",1,"PAN"
"CORR1933",1,"PAN"
"CORR1934",1,"PAN"
"CORR1935",1,"PAN"
"CORR1936",1,"CRI"
"CORR1937",1,"CRI"
"CORR1938",1,"CRI"
"CORR1939",1,"CRI"
"CORR1940",1,"CRI"
"CORR1941",1,"MEX"
"CORR1942",1,"MEX"
"CORR1943",1,"MEX"
"CORR1944",1,"MEX"
"CORR1945",1,"MEX"
"CORR1946",1,"PAN"
"CORR1947",1,"PAN"
"CORR1948",1,"PAN"
"CORR1949",1,"PAN"
"CORR1950",1,"PAN"
"CORR1951",2,"COL, PAN"
"CORR1952",2,"COL, PAN"
"CORR1953",1,"PAN"
"CORR1954",2,"COL, PAN"
"CORR1955",2,"COL, PAN"
"CORR1956",2,"GTM, MEX"
"CORR1957",2,"GTM, MEX"
"CORR1958",2,"GTM, MEX"
"CORR1959",2,"GTM, MEX"
"CORR1960",2,"GTM, MEX"
"CORR1961",2,"GTM, MEX"
"CORR1962",2,"GTM, MEX"
"CORR1963",2,"GTM, MEX"
"CORR1964",2,"GTM, MEX"
"CORR1965",2,"GTM, MEX"
"CORR1966",2,"COL, PAN"
"CORR1967",2,"COL, PAN"
"CORR1968",2,"COL, PAN"
"CORR1969",1,"PAN"
"CORR1970",1,"PAN"
"CORR1971",2,"GTM, MEX"
"CORR1972",2,"GTM, MEX"
"CORR1973",2,"GTM, MEX"
"CORR1974",2,"GTM, MEX"
"CORR1975",2,"GTM, MEX"
"CORR1976",1,"GTM"
"CORR1977",1,"GTM"
"CORR1978",1,"GTM"
"CORR1979",1,"GTM"
"CORR1980",1,"GTM"
"CORR1981",1,"MEX"
"CORR1982",1,"MEX"
"CORR1983",1,"MEX"
"CORR1984",1,"MEX"
"CORR1985",1,"MEX"
"CORR1986",1,"MEX"
"CORR1987",1,"MEX"
"CORR1988",1,"MEX"
"CORR1989",1,"MEX"
"CORR1990",1,"MEX"
"CORR1991",1,"MEX"
"CORR1992",1,"MEX"
"CORR1993",1,"MEX"
"CORR1994",1,"MEX"
"CORR1995",1,"MEX"
"CORR2001",1,"CRI"
"CORR2002",1,"CRI"
"CORR2003",1,"CRI"
"CORR2004",1,"CRI"
"CORR2005",1,"CRI"
"CORR2006",2,"COL, PAN"
"CORR2007",2,"COL, PAN"
"CORR2008",1,"PAN"
"CORR2009",2,"COL, PAN"
"CORR2010",2,"COL, PAN"
"CORR2011",1,"HND"
"CORR2012",1,"HND"
"CORR2013",1,"HND"
"CORR2014",1,"HND"
"CORR2015",1,"HND"
"CORR2016",1,"MEX"
"CORR2017",1,"MEX"
"CORR2018",1,"MEX"
"CORR2019",1,"MEX"
"CORR2020",1,"MEX"
"CORR2021",1,"CRI"
"CORR2022",1,"CRI"
"CORR2023",1,"CRI"
"CORR2024",1,"CRI"
"CORR2025",1,"CRI"
"CORR2026",1,"GTM"
"CORR2027",1,"GTM"
"CORR2028",1,"GTM"
"CORR2029",1,"GTM"
"CORR2030",1,"GTM"
"CORR2031",1,"PAN"
"CORR2032",1,"PAN"
"CORR2033",1,"PAN"
"CORR2034",1,"PAN"
"CORR2035",1,"PAN"
"CORR2036",1,"PAN"
"CORR2037",1,"PAN"
"CORR2038",1,"PAN"
"CORR2039",1,"PAN"
"CORR2040",1,"PAN"
"CORR2041",1,"SLV"
"CORR2042",2,"HND, SLV"
"CORR2043",2,"HND, SLV"
"CORR2044",2,"HND, SLV"
"CORR2045",2,"HND, SLV"
"CORR2046",3,"BLZ, GTM, HND"
"CORR2047",3,"BLZ, GTM, HND"
"CORR2048",3,"BLZ, GTM, HND"
"CORR2049",3,"BLZ, GTM, HND"
"CORR2050",2,"BLZ, GTM"
"CORR2051",2,"GTM, MEX"
"CORR2052",2,"GTM, MEX"
"CORR2053",2,"GTM, MEX"
"CORR2054",2,"GTM, MEX"
"CORR2055",2,"GTM, MEX"
"CORR2056",2,"GTM, MEX"
"CORR2057",2,"GTM, MEX"
"CORR2058",2,"GTM, MEX"
"CORR2059",2,"GTM, MEX"
"CORR2060",2,"GTM, MEX"
"CORR2061",1,"MEX"
"CORR2062",1,"MEX"
"CORR2063",2,"GTM, MEX"
"CORR2064",1,"MEX"
"CORR2065",2,"GTM, MEX"
"CORR2066",2,"GTM, MEX"
"CORR2067",2,"GTM, MEX"
"CORR2068",2,"GTM, MEX"
"CORR2069",2,"GTM, MEX"
"CORR2070",2,"GTM, MEX"
"CORR2071",2,"GTM, HND"
"CORR2072",2,"GTM, HND"
"CORR2073",2,"GTM, HND"
"CORR2074",2,"GTM, HND"
"CORR2075",2,"GTM, HND"
"CORR2076",2,"GTM, MEX"
"CORR2077",2,"GTM, MEX"
"CORR2078",2,"GTM, MEX"
"CORR2079",2,"GTM, MEX"
"CORR2080",2,"GTM, MEX"
"CORR2081",2,"CRI, NIC"
"CORR2082",2,"CRI, NIC"
"CORR2083",2,"CRI, NIC"
"CORR2084",2,"CRI, NIC"
"CORR2085",2,"CRI, NIC"
"CORR2086",2,"CRI, NIC"
"CORR2087",2,"CRI, NIC"
"CORR2088",2,"CRI, NIC"
"CORR2089",2,"CRI, NIC"
"CORR2090",2,"CRI, NIC"
"CORR2091",1,"NIC"
"CORR2092",2,"CRI, NIC"
"CORR2093",1,"NIC"
"CORR2094",2,"CRI, NIC"
"CORR2095",2,"HND, NIC"
"CORR2096",1,"MEX"
"CORR2097",1,"MEX"
"CORR2098",1,"MEX"
"CORR2099",1,"MEX"
"CORR2100",2,"GTM, MEX"
"CORR2101",2,"GTM, MEX"
"CORR2102",2,"GTM, MEX"
"CORR2103",2,"GTM, MEX"
"CORR2104",2,"GTM, MEX"
"CORR2105",2,"GTM, MEX"
"CORR2106",1,"MEX"
"CORR2107",1,"MEX"
"CORR2108",1,"MEX"
"CORR2109",1,"MEX"
"CORR2110",1,"MEX"
"CORR2111",1,"MEX"
"CORR2112",1,"MEX"
"CORR2113",1,"MEX"
"CORR2114",1,"MEX"
"CORR2115",1,"MEX"
"CORR2116",2,"GTM, MEX"
"CORR2117",2,"GTM, MEX"
"CORR2118",2,"GTM, MEX"
"CORR2119",2,"GTM, MEX"
"CORR2120",2,"GTM, MEX"
"CORR2121",2,"GTM, MEX"
"CORR2122",2,"GTM, MEX"
"CORR2123",2,"GTM, MEX"
"CORR2124",2,"GTM, MEX"
"CORR2125",2,"GTM, MEX"
"CORR2126",1,"MEX"
"CORR2127",1,"MEX"
"CORR2128",1,"MEX"
"CORR2129",1,"MEX"
"CORR2130",1,"MEX"
"CORR2136",2,"GTM, MEX"
"CORR2137",2,"GTM, MEX"
"CORR2138",2,"GTM, MEX"
"CORR2139",2,"GTM, MEX"
"CORR2140",2,"GTM, MEX"
"CORR2141",1,"SLV"
"CORR2142",2,"HND, SLV"
"CORR2143",1,"SLV"
"CORR2144",1,"SLV"
"CORR2145",2,"HND, SLV"
"CORR2146",2,"GTM, MEX"
"CORR2147",2,"GTM, MEX"
"CORR2148",2,"GTM, MEX"
"CORR2149",2,"GTM, MEX"
"CORR2150",2,"GTM, MEX"
"CORR2151",2,"HND, SLV"
"CORR2152",2,"HND, SLV"
"CORR2153",2,"HND, SLV"
"CORR2154",2,"HND, SLV"
"CORR2155",2,"HND, SLV"
"CORR2156",2,"GTM, MEX"
"CORR2157",2,"GTM, MEX"
"CORR2158",2,"GTM, MEX"
"CORR2159",2,"GTM, MEX"
"CORR2160",2,"GTM, MEX"
"CORR2161",1,"MEX"
"CORR2162",1,"MEX"
"CORR2163",1,"MEX"
"CORR2164",1,"MEX"
"CORR2165",1,"MEX"
"CORR2166",1,"MEX"
"CORR2167",1,"MEX"
"CORR2168",1,"MEX"
"CORR2169",1,"MEX"
"CORR2170",1,"MEX"
"CORR2171",2,"GTM, MEX"
"CORR2172",2,"GTM, MEX"
"CORR2173",2,"GTM, MEX"
"CORR2174",2,"GTM, MEX"
"CORR2175",2,"GTM, MEX"
"CORR2176",2,"BLZ, GTM"
"CORR2177",2,"BLZ, GTM"
"CORR2178",2,"BLZ, GTM"
"CORR2179",2,"BLZ, GTM"
"CORR2180",2,"BLZ, GTM"
"CORR2181",1,"MEX"
"CORR2182",1,"MEX"
"CORR2183",1,"MEX"
"CORR2184",1,"MEX"
"CORR2185",1,"MEX"
"CORR2186",1,"MEX"
"CORR2187",1,"MEX"
"CORR2188",1,"MEX"
"CORR2189",1,"MEX"
"CORR2190",1,"MEX"
"CORR2191",1,"SLV"
"CORR2192",2,"HND, SLV"
"CORR2193",2,"HND, SLV"
"CORR2194",2,"HND, SLV"
"CORR2195",1,"SLV"
"CORR2196",2,"GTM, MEX"
"CORR2197",2,"GTM, MEX"
"CORR2198",2,"GTM, MEX"
"CORR2199",2,"GTM, MEX"
"CORR2200",2,"GTM, MEX"
"CORR2201",1,"CRI"
"CORR2202",1,"CRI"
"CORR2203",1,"CRI"
"CORR2204",1,"CRI"
"CORR2205",1,"CRI"
"CORR2206",1,"CRI"
"CORR2207",1,"CRI"
"CORR2208",1,"CRI"
"CORR2209",1,"CRI"
"CORR2210",1,"CRI"
"CORR2211",1,"PAN"
"CORR2212",1,"PAN"
"CORR2213",1,"PAN"
"CORR2214",1,"PAN"
"CORR2215",1,"PAN"
"CORR2216",2,"HND, SLV"
"CORR2217",1,"SLV"
"CORR2218",2,"HND, SLV"
"CORR2219",2,"HND, SLV"
"CORR2220",2,"HND, SLV"
"CORR2221",1,"SLV"
"CORR2222",2,"GTM, SLV"
"CORR2223",3,"GTM, HND, SLV"
"CORR2224",2,"GTM, SLV"
"CORR2225",3,"GTM, HND, SLV"
"CORR2226",1,"SLV"
"CORR2227",1,"SLV"
"CORR2228",1,"SLV"
"CORR2229",1,"SLV"
"CORR2230",2,"HND, SLV"
"CORR2231",1,"NIC"
"CORR2232",1,"NIC"
"CORR2233",2,"HND, NIC"
"CORR2234",2,"HND, NIC"
"CORR2235",2,"HND, NIC"
"CORR2236",2,"GTM, MEX"
"CORR2237",2,"GTM, MEX"
"CORR2238",2,"GTM, MEX"
"CORR2239",2,"GTM, MEX"
"CORR2240",2,"GTM, MEX"
"CORR2241",2,"GTM, MEX"
"CORR2242",2,"GTM, MEX"
"CORR2243",2,"GTM, MEX"
"CORR2244",2,"GTM, MEX"
"CORR2245",2,"GTM, MEX"
"CORR2246",2,"HND, SLV"
"CORR2247",2,"HND, SLV"
"CORR2248",2,"HND, SLV"
"CORR2249",1,"SLV"
"CORR2250",2,"HND, SLV"
"CORR2251",2,"GTM, MEX"
"CORR2252",2,"GTM, MEX"
"CORR2253",2,"GTM, MEX"
"CORR2254",2,"GTM, MEX"
"CORR2255",2,"GTM, MEX"
"CORR2256",1,"SLV"
"CORR2257",1,"SLV"
"CORR2258",1,"SLV"
"CORR2259",2,"GTM, SLV"
"CORR2260",2,"GTM, SLV"
"CORR2261",1,"SLV"
"CORR2262",1,"SLV"
"CORR2263",1,"SLV"
"CORR2264",1,"SLV"
"CORR2265",1,"SLV"
"CORR2266",1,"SLV"
"CORR2267",2,"HND, SLV"
"CORR2268",2,"HND, SLV"
"CORR2269",2,"HND, SLV"
"CORR2270",2,"HND, SLV"
"CORR2271",2,"BLZ, GTM"
"CORR2272",2,"BLZ, GTM"
"CORR2273",2,"BLZ, GTM"
"CORR2274",2,"BLZ, GTM"
"CORR2275",2,"BLZ, GTM"
"CORR2276",2,"COL, PAN"
"CORR2277",1,"PAN"
"CORR2278",2,"COL, PAN"
"CORR2279",2,"COL, PAN"
"CORR2280",2,"COL, PAN"
"CORR2281",2,"COL, PAN"
"CORR2282",2,"COL, PAN"
"CORR2283",2,"COL, PAN"
"CORR2284",1,"COL"
"CORR2285",1,"COL"
"CORR2286",1,"CRI"
"CORR2287",1,"CRI"
"CORR2288",1,"CRI"
"CORR2289",1,"CRI"
"CORR2290",1,"CRI"
"CORR2291",2,"GTM, MEX"
"CORR2292",2,"GTM, MEX"
"CORR2293",2,"GTM, MEX"
"CORR2294",2,"GTM, MEX"
"CORR2295",2,"GTM, MEX"
"CORR2296",3,"BLZ, GTM, HND"
"CORR2297",2,"BLZ, GTM"
"CORR2298",2,"BLZ, GTM"
"CORR2299",2,"BLZ, GTM"
"CORR2300",2,"BLZ, GTM"
"CORR2301",3,"BLZ, GTM, HND"
"CORR2302",3,"BLZ, GTM, HND"
"CORR2303",3,"BLZ, GTM, HND"
"CORR2304",3,"BLZ, GTM, HND"
"CORR2305",3,"BLZ, GTM, HND"
"CORR2306",4,"BLZ, GTM, HND, MEX"
"CORR2307",4,"BLZ, GTM, HND, MEX"
"CORR2308",4,"BLZ, GTM, HND, MEX"
"CORR2309",4,"BLZ, GTM, HND, MEX"
"CORR2310",4,"BLZ, GTM, HND, MEX"
"CORR2311",4,"BLZ, GTM, HND, MEX"
"CORR2312",4,"BLZ, GTM, HND, MEX"
"CORR2313",4,"BLZ, GTM, HND, MEX"
"CORR2314",4,"BLZ, GTM, HND, MEX"
"CORR2315",4,"BLZ, GTM, HND, MEX"
"CORR2316",3,"BLZ, GTM, HND"
"CORR2317",3,"BLZ, GTM, HND"
"CORR2318",3,"BLZ, GTM, HND"
"CORR2319",3,"BLZ, GTM, HND"
"CORR2320",3,"BLZ, GTM, HND"
"CORR2321",3,"BLZ, GTM, HND"
"CORR2322",3,"BLZ, GTM, HND"
"CORR2323",3,"BLZ, GTM, HND"
"CORR2324",3,"BLZ, GTM, HND"
"CORR2325",3,"BLZ, GTM, HND"
"CORR2326",3,"BLZ, GTM, HND"
"CORR2327",3,"BLZ, GTM, HND"
"CORR2328",3,"BLZ, GTM, HND"
"CORR2329",3,"BLZ, GTM, HND"
"CORR2330",3,"BLZ, GTM, HND"
"CORR2331",3,"BLZ, GTM, HND"
"CORR2332",3,"BLZ, GTM, HND"
"CORR2333",3,"BLZ, GTM, HND"
"CORR2334",3,"BLZ, GTM, HND"
"CORR2335",3,"BLZ, GTM, HND"
"CORR2336",3,"BLZ, GTM, HND"
"CORR2337",3,"BLZ, GTM, HND"
"CORR2338",3,"BLZ, GTM, HND"
"CORR2339",3,"BLZ, GTM, HND"
"CORR2340",3,"BLZ, GTM, HND"
"CORR2341",4,"BLZ, GTM, HND, MEX"
"CORR2342",4,"BLZ, GTM, HND, MEX"
"CORR2343",4,"BLZ, GTM, HND, MEX"
"CORR2344",4,"BLZ, GTM, HND, MEX"
"CORR2345",4,"BLZ, GTM, HND, MEX"
"CORR2346",3,"BLZ, GTM, HND"
"CORR2347",3,"BLZ, GTM, HND"
"CORR2348",3,"BLZ, GTM, HND"
"CORR2349",3,"BLZ, GTM, HND"
"CORR2350",3,"BLZ, GTM, HND"
"CORR2351",3,"BLZ, GTM, HND"
"CORR2352",3,"BLZ, GTM, HND"
"CORR2353",3,"BLZ, GTM, HND"
"CORR2354",3,"BLZ, GTM, HND"
"CORR2355",3,"BLZ, GTM, HND"
"CORR2356",4,"BLZ, GTM, HND, MEX"
"CORR2357",4,"BLZ, GTM, HND, MEX"
"CORR2358",4,"BLZ, GTM, HND, MEX"
"CORR2359",4,"BLZ, GTM, HND, MEX"
"CORR2360",4,"BLZ, GTM, HND, MEX"
"CORR2361",4,"BLZ, GTM, HND, MEX"
"CORR2362",4,"BLZ, GTM, HND, MEX"
"CORR2363",4,"BLZ, GTM, HND, MEX"
"CORR2364",4,"BLZ, GTM, HND, MEX"
"CORR2365",4,"BLZ, GTM, HND, MEX"
"CORR2366",4,"BLZ, GTM, HND, MEX"
"CORR2367",4,"BLZ, GTM, HND, MEX"
"CORR2368",4,"BLZ, GTM, HND, MEX"
"CORR2369",4,"BLZ, GTM, HND, MEX"
"CORR2370",4,"BLZ, GTM, HND, MEX"
"CORR2371",4,"BLZ, GTM, HND, MEX"
"CORR2372",4,"BLZ, GTM, HND, MEX"
"CORR2373",4,"BLZ, GTM, HND, MEX"
"CORR2374",4,"BLZ, GTM, HND, MEX"
"CORR2375",4,"BLZ, GTM, HND, MEX"
"CORR2376",4,"BLZ, GTM, HND, MEX"
"CORR2377",4,"BLZ, GTM, HND, MEX"
"CORR2378",4,"BLZ, GTM, HND, MEX"
"CORR2379",4,"BLZ, GTM, HND, MEX"
"CORR2380",4,"BLZ, GTM, HND, MEX"
"CORR2381",4,"BLZ, GTM, HND, MEX"
"CORR2382",4,"BLZ, GTM, HND, MEX"
"CORR2383",4,"BLZ, GTM, HND, MEX"
"CORR2384",4,"BLZ, GTM, HND, MEX"
"CORR2385",4,"BLZ, GTM, HND, MEX"
"CORR2386",4,"BLZ, GTM, HND, MEX"
"CORR2387",4,"BLZ, GTM, HND, MEX"
"CORR2388",4,"BLZ, GTM, HND, MEX"
"CORR2389",4,"BLZ, GTM, HND, MEX"
"CORR2390",4,"BLZ, GTM, HND, MEX"
"CORR2391",4,"BLZ, GTM, HND, MEX"
"CORR2392",4,"BLZ, GTM, HND, MEX"
"CORR2393",4,"BLZ, GTM, HND, MEX"
"CORR2394",4,"BLZ, GTM, HND, MEX"
"CORR2395",4,"BLZ, GTM, HND, MEX"
"CORR2396",4,"BLZ, GTM, HND, MEX"
"CORR2397",4,"BLZ, GTM, HND, MEX"
"CORR2398",4,"BLZ, GTM, HND, MEX"
"CORR2399",4,"BLZ, GTM, HND, MEX"
"CORR2400",4,"BLZ, GTM, HND, MEX"
"CORR2401",4,"BLZ, GTM, HND, MEX"
"CORR2402",4,"BLZ, GTM, HND, MEX"
"CORR2403",4,"BLZ, GTM, HND, MEX"
"CORR2404",4,"BLZ, GTM, HND, MEX"
"CORR2405",4,"BLZ, GTM, HND, MEX"
"CORR2406",4,"BLZ, GTM, HND, MEX"
"CORR2407",4,"BLZ, GTM, HND, MEX"
"CORR2408",4,"BLZ, GTM, HND, MEX"
"CORR2409",4,"BLZ, GTM, HND, MEX"
"CORR2410",4,"BLZ, GTM, HND, MEX"
"CORR2421",3,"BLZ, GTM, HND"
"CORR2422",3,"BLZ, GTM, HND"
"CORR2423",3,"BLZ, GTM, HND"
"CORR2424",3,"BLZ, GTM, HND"
"CORR2425",3,"BLZ, GTM, HND"
